Accident_ID,Date,Time,City,State,Country,Accident Type,Cause of Accident,Severity,Number of Vehicles Involved,Number of Casualties,Number of Injuries,Weather Condition,Road Condition,Police Report Filed,Emergency Services Response Time (min),Hospital Admitted To
ACC00428,2025-04-17,05:50:46,Pune,Maharashtra,India,Bus,Road Conditions,Severe,5,2,4,Clear,Under Construction,No,34.3,Apollo Hospitals
ACC00429,2025-01-21,00:48:21,Lucknow,Uttar Pradesh,India,Train,Road Conditions,Moderate,3,0,6,Stormy,Wet,No,35.6,Fortis Healthcare
ACC00430,2025-01-24,04:50:22,Lucknow,Uttar Pradesh,India,Bus,Weather Conditions,Fatal,3,0,1,Clear,Dry,Yes,12.1,Apollo Hospitals
ACC00431,2025-03-07,18:58:44,Hyderabad,Telangana,India,Pedestrian Involved,Brake Failure,Moderate,1,0,5,Stormy,Potholes,No,7.0,Fortis Healthcare
ACC00432,2025-02-17,02:38:55,Lucknow,Uttar Pradesh,India,Pedestrian Involved,Over Speeding,Moderate,4,0,4,Clear,Gravel,No,37.9,Apollo Hospitals
ACC00433,2025-03-23,18:59:56,Lucknow,Uttar Pradesh,India,Bus,Human Error,Minor,1,2,1,Rainy,Under Construction,Yes,9.0,Fortis Healthcare
ACC00434,2025-01-16,10:50:23,Jaipur,Rajasthan,India,Fire Accident,Drunk Driving,Moderate,5,1,5,Rainy,Under Construction,No,34.8,Max Healthcare
ACC00435,2025-02-16,19:09:06,Chennai,Tamil Nadu,India,Slip & Fall,Poor Lighting,Fatal,1,1,2,Stormy,Under Construction,No,31.3,Max Healthcare
ACC00436,2025-02-04,15:21:11,Lucknow,Uttar Pradesh,India,Slip & Fall,Weather Conditions,Severe,5,2,3,Stormy,Potholes,No,29.3,Max Healthcare
ACC00437,2025-01-15,00:29:19,Jaipur,Rajasthan,India,Truck,Brake Failure,Severe,3,3,4,Stormy,Dry,Yes,44.3,Max Healthcare
ACC00438,2025-02-05,09:15:17,Mumbai,Maharashtra,India,Two-Wheeler,Weather Conditions,Minor,3,1,2,Foggy,Dry,No,41.8,Max Healthcare
ACC00439,2025-01-08,17:26:48,Jaipur,Rajasthan,India,Two-Wheeler,Over Speeding,Minor,4,2,2,Rainy,Gravel,No,40.6,Fortis Healthcare
ACC00440,2025-04-22,11:04:06,Hyderabad,Telangana,India,Bus,Road Conditions,Severe,1,3,5,Rainy,Dry,No,36.7,Fortis Healthcare
ACC00441,2025-02-26,01:46:10,Pune,Maharashtra,India,Pedestrian Involved,Human Error,Severe,1,3,1,Clear,Gravel,No,40.2,Manipal Hospital
ACC00442,2025-01-14,13:02:33,Kolkata,West Bengal,India,Pedestrian Involved,Road Conditions,Moderate,5,0,6,Stormy,Dry,No,26.0,AIIMS
ACC00443,2025-05-03,03:34:03,Jaipur,Rajasthan,India,Two-Wheeler,Weather Conditions,Moderate,2,0,6,Stormy,Potholes,Yes,13.9,AIIMS
ACC00444,2025-03-16,16:38:32,Kolkata,West Bengal,India,Two-Wheeler,Drunk Driving,Severe,1,3,5,Clear,Under Construction,No,15.5,Manipal Hospital
ACC00445,2025-04-12,11:50:23,Jaipur,Rajasthan,India,Fire Accident,Road Conditions,Moderate,2,3,5,Rainy,Potholes,No,31.1,Fortis Healthcare
ACC00446,2025-02-13,13:10:57,Jaipur,Rajasthan,India,Truck,Drunk Driving,Minor,3,3,3,Clear,Dry,No,21.9,AIIMS
ACC00447,2025-04-28,13:25:54,Hyderabad,Telangana,India,Train,Weather Conditions,Minor,3,1,3,Stormy,Under Construction,Yes,22.6,Fortis Healthcare
ACC00448,2025-02-15,01:42:44,Hyderabad,Telangana,India,Train,Drunk Driving,Minor,1,0,2,Rainy,Gravel,Yes,18.7,Apollo Hospitals
ACC00449,2025-02-20,06:08:36,Ahmedabad,Gujarat,India,Slip & Fall,Brake Failure,Minor,3,1,6,Rainy,Wet,No,27.0,Max Healthcare
ACC00450,2025-03-24,00:07:54,Bengaluru,Karnataka,India,Vehicle Collision,Brake Failure,Minor,3,1,1,Foggy,Wet,No,7.1,Apollo Hospitals
ACC00451,2025-02-07,03:18:01,Delhi,Delhi,India,Fire Accident,Poor Lighting,Severe,3,0,1,Foggy,Potholes,Yes,44.2,Max Healthcare
ACC00452,2025-04-07,18:44:30,Delhi,Delhi,India,Train,Brake Failure,Minor,2,1,5,Stormy,Under Construction,Yes,6.6,Max Healthcare
ACC00453,2025-04-14,12:29:53,Ahmedabad,Gujarat,India,Train,Brake Failure,Fatal,2,0,3,Foggy,Gravel,No,14.4,Max Healthcare
ACC00454,2025-01-17,01:38:53,Ahmedabad,Gujarat,India,Vehicle Collision,Poor Lighting,Severe,4,0,5,Foggy,Wet,Yes,18.7,Manipal Hospital
ACC00455,2025-03-01,13:49:41,Bengaluru,Karnataka,India,Pedestrian Involved,Poor Lighting,Fatal,5,1,4,Rainy,Under Construction,Yes,22.1,AIIMS
ACC00456,2025-03-05,05:17:07,Lucknow,Uttar Pradesh,India,Train,Brake Failure,Moderate,2,1,5,Rainy,Wet,No,32.5,Max Healthcare
ACC00457,2025-02-24,19:40:24,Bengaluru,Karnataka,India,Fire Accident,Road Conditions,Moderate,5,1,3,Clear,Under Construction,Yes,12.4,Fortis Healthcare
ACC00458,2025-03-02,15:21:43,Mumbai,Maharashtra,India,Train,Brake Failure,Fatal,3,3,6,Foggy,Wet,Yes,9.3,Fortis Healthcare
ACC00459,2025-01-19,21:55:30,Mumbai,Maharashtra,India,Bus,Human Error,Moderate,5,1,2,Clear,Gravel,Yes,32.5,Manipal Hospital
ACC00460,2025-04-12,02:35:24,Bengaluru,Karnataka,India,Slip & Fall,Poor Lighting,Severe,2,3,4,Stormy,Wet,Yes,12.7,Apollo Hospitals
ACC00461,2025-05-06,18:22:18,Kolkata,West Bengal,India,Vehicle Collision,Weather Conditions,Fatal,2,1,2,Clear,Wet,No,39.7,Manipal Hospital
ACC00462,2025-04-12,12:31:05,Chennai,Tamil Nadu,India,Slip & Fall,Drunk Driving,Fatal,4,0,5,Stormy,Gravel,No,29.5,Max Healthcare
ACC00463,2025-02-01,20:48:50,Lucknow,Uttar Pradesh,India,Vehicle Collision,Human Error,Minor,4,3,1,Rainy,Under Construction,No,44.4,Apollo Hospitals
ACC00464,2025-02-26,19:03:11,Jaipur,Rajasthan,India,Fire Accident,Human Error,Minor,2,2,4,Stormy,Gravel,No,23.5,Manipal Hospital
ACC00465,2025-02-18,02:08:23,Ahmedabad,Gujarat,India,Vehicle Collision,Poor Lighting,Moderate,4,3,1,Clear,Wet,Yes,20.7,AIIMS
ACC00466,2025-01-29,02:04:15,Pune,Maharashtra,India,Vehicle Collision,Drunk Driving,Fatal,5,1,4,Clear,Gravel,No,32.7,Fortis Healthcare
ACC00467,2025-02-23,15:46:58,Delhi,Delhi,India,Pedestrian Involved,Over Speeding,Fatal,3,0,5,Stormy,Under Construction,Yes,20.1,Manipal Hospital
ACC00468,2025-02-09,14:19:47,Mumbai,Maharashtra,India,Two-Wheeler,Weather Conditions,Moderate,2,1,2,Clear,Potholes,No,17.4,Manipal Hospital
ACC00469,2025-02-12,04:20:26,Ahmedabad,Gujarat,India,Two-Wheeler,Over Speeding,Moderate,2,0,5,Foggy,Dry,No,24.9,Manipal Hospital
ACC00470,2025-01-17,23:33:25,Jaipur,Rajasthan,India,Vehicle Collision,Human Error,Fatal,2,1,5,Stormy,Potholes,No,22.7,Max Healthcare
ACC00471,2025-04-05,20:31:23,Lucknow,Uttar Pradesh,India,Vehicle Collision,Drunk Driving,Severe,5,1,1,Rainy,Wet,Yes,31.1,Apollo Hospitals
ACC00472,2025-02-20,11:20:45,Bengaluru,Karnataka,India,Vehicle Collision,Poor Lighting,Severe,3,0,1,Clear,Potholes,Yes,11.5,AIIMS
ACC00473,2025-02-09,03:41:06,Lucknow,Uttar Pradesh,India,Two-Wheeler,Brake Failure,Severe,1,0,3,Foggy,Gravel,No,37.8,Manipal Hospital
ACC00474,2025-04-04,08:34:13,Jaipur,Rajasthan,India,Pedestrian Involved,Weather Conditions,Fatal,2,0,6,Foggy,Gravel,No,26.0,Fortis Healthcare
ACC00475,2025-02-19,19:30:12,Lucknow,Uttar Pradesh,India,Vehicle Collision,Over Speeding,Minor,4,2,4,Foggy,Gravel,No,42.1,Max Healthcare
ACC00476,2025-02-27,23:57:09,Lucknow,Uttar Pradesh,India,Slip & Fall,Human Error,Fatal,4,1,5,Rainy,Gravel,Yes,5.1,Apollo Hospitals
ACC00477,2025-02-18,03:54:27,Pune,Maharashtra,India,Pedestrian Involved,Poor Lighting,Moderate,5,3,4,Clear,Gravel,No,27.4,Fortis Healthcare
ACC00478,2025-03-25,20:25:54,Mumbai,Maharashtra,India,Truck,Poor Lighting,Severe,3,0,3,Foggy,Under Construction,No,35.7,Apollo Hospitals
ACC00479,2025-03-06,00:29:47,Chennai,Tamil Nadu,India,Train,Brake Failure,Minor,2,1,3,Foggy,Potholes,No,36.9,Fortis Healthcare
ACC00480,2025-04-13,01:10:06,Pune,Maharashtra,India,Two-Wheeler,Poor Lighting,Fatal,5,2,4,Stormy,Dry,No,27.6,AIIMS
ACC00481,2025-04-03,20:49:24,Jaipur,Rajasthan,India,Vehicle Collision,Drunk Driving,Severe,3,0,2,Foggy,Dry,No,44.3,Max Healthcare
ACC00482,2025-02-28,13:48:34,Bengaluru,Karnataka,India,Fire Accident,Drunk Driving,Minor,3,2,6,Clear,Gravel,No,8.5,Fortis Healthcare
ACC00483,2025-03-30,10:44:02,Chennai,Tamil Nadu,India,Slip & Fall,Road Conditions,Severe,2,2,2,Clear,Gravel,Yes,36.1,Apollo Hospitals
ACC00484,2025-03-23,12:41:04,Pune,Maharashtra,India,Vehicle Collision,Road Conditions,Fatal,5,1,2,Foggy,Potholes,No,36.0,Fortis Healthcare
ACC00485,2025-04-13,13:57:50,Delhi,Delhi,India,Two-Wheeler,Drunk Driving,Minor,4,3,6,Clear,Dry,No,42.3,Max Healthcare
ACC00486,2025-02-23,23:03:50,Delhi,Delhi,India,Train,Brake Failure,Minor,1,2,1,Foggy,Wet,No,13.0,AIIMS
ACC00487,2025-02-08,04:45:31,Ahmedabad,Gujarat,India,Train,Road Conditions,Fatal,1,2,2,Rainy,Gravel,Yes,5.6,Max Healthcare
ACC00488,2025-01-14,14:33:53,Jaipur,Rajasthan,India,Pedestrian Involved,Drunk Driving,Severe,5,2,3,Rainy,Gravel,Yes,11.9,AIIMS
ACC00489,2025-04-27,09:05:40,Lucknow,Uttar Pradesh,India,Train,Human Error,Fatal,1,1,1,Stormy,Dry,Yes,20.3,Apollo Hospitals
ACC00490,2025-01-11,23:17:23,Kolkata,West Bengal,India,Fire Accident,Drunk Driving,Fatal,5,2,3,Foggy,Wet,Yes,43.9,Manipal Hospital
ACC00491,2025-04-20,16:15:23,Lucknow,Uttar Pradesh,India,Two-Wheeler,Over Speeding,Fatal,1,3,3,Stormy,Potholes,Yes,42.9,Fortis Healthcare
ACC00492,2025-02-11,19:53:44,Lucknow,Uttar Pradesh,India,Bus,Weather Conditions,Fatal,2,2,3,Stormy,Potholes,Yes,7.6,Apollo Hospitals
ACC00493,2025-04-19,15:19:07,Chennai,Tamil Nadu,India,Slip & Fall,Brake Failure,Moderate,3,2,5,Rainy,Under Construction,Yes,21.2,Apollo Hospitals
ACC00494,2025-03-04,07:54:53,Chennai,Tamil Nadu,India,Pedestrian Involved,Road Conditions,Severe,5,3,4,Stormy,Wet,Yes,26.9,Manipal Hospital
ACC00495,2025-03-16,02:38:26,Kolkata,West Bengal,India,Pedestrian Involved,Weather Conditions,Moderate,5,3,4,Foggy,Under Construction,Yes,11.9,Apollo Hospitals
ACC00496,2025-01-09,19:45:20,Lucknow,Uttar Pradesh,India,Slip & Fall,Over Speeding,Fatal,3,0,4,Rainy,Gravel,No,7.8,Apollo Hospitals
ACC00497,2025-03-03,05:15:44,Lucknow,Uttar Pradesh,India,Fire Accident,Weather Conditions,Fatal,1,0,2,Rainy,Under Construction,Yes,35.3,Fortis Healthcare
ACC00498,2025-04-01,02:50:28,Pune,Maharashtra,India,Bus,Brake Failure,Fatal,2,1,6,Foggy,Gravel,No,41.7,Manipal Hospital
ACC00499,2025-01-03,08:52:25,Chennai,Tamil Nadu,India,Pedestrian Involved,Human Error,Minor,5,3,2,Foggy,Dry,No,41.0,Apollo Hospitals
ACC00500,2025-05-04,12:53:30,Mumbai,Maharashtra,India,Train,Over Speeding,Severe,1,1,4,Stormy,Gravel,No,21.2,Manipal Hospital
ACC00501,2025-04-11,08:25:25,Jaipur,Rajasthan,India,Truck,Poor Lighting,Moderate,4,1,2,Stormy,Gravel,No,11.2,Fortis Healthcare
ACC00502,2025-03-05,21:03:20,Bengaluru,Karnataka,India,Vehicle Collision,Over Speeding,Minor,2,3,6,Stormy,Wet,Yes,10.5,Manipal Hospital
ACC00503,2025-02-17,03:23:49,Pune,Maharashtra,India,Fire Accident,Human Error,Moderate,4,3,5,Stormy,Potholes,No,14.0,Manipal Hospital
ACC00504,2025-01-14,17:02:58,Lucknow,Uttar Pradesh,India,Vehicle Collision,Human Error,Fatal,2,2,4,Foggy,Dry,Yes,27.7,AIIMS
ACC00505,2025-03-24,06:19:39,Delhi,Delhi,India,Slip & Fall,Poor Lighting,Minor,2,2,4,Clear,Under Construction,Yes,14.8,Apollo Hospitals
ACC00506,2025-02-12,08:45:27,Jaipur,Rajasthan,India,Bus,Human Error,Minor,3,0,4,Stormy,Under Construction,No,28.0,AIIMS
ACC00507,2025-04-16,04:23:56,Kolkata,West Bengal,India,Train,Road Conditions,Severe,3,1,1,Foggy,Under Construction,No,7.5,Manipal Hospital
ACC00508,2025-01-29,04:27:36,Lucknow,Uttar Pradesh,India,Two-Wheeler,Human Error,Minor,3,0,3,Stormy,Dry,Yes,25.2,AIIMS
ACC00509,2025-03-24,15:01:46,Ahmedabad,Gujarat,India,Two-Wheeler,Human Error,Severe,3,2,1,Clear,Under Construction,Yes,41.4,Fortis Healthcare
ACC00510,2025-04-23,07:06:10,Pune,Maharashtra,India,Train,Road Conditions,Moderate,3,1,4,Rainy,Under Construction,Yes,18.7,Apollo Hospitals
ACC00511,2025-01-19,07:55:16,Bengaluru,Karnataka,India,Two-Wheeler,Road Conditions,Fatal,4,3,2,Stormy,Wet,Yes,28.1,AIIMS
ACC00512,2025-04-07,14:49:12,Mumbai,Maharashtra,India,Bus,Road Conditions,Minor,1,1,4,Stormy,Potholes,No,24.1,Max Healthcare
ACC00513,2025-04-30,05:01:59,Hyderabad,Telangana,India,Fire Accident,Poor Lighting,Fatal,4,2,2,Stormy,Dry,No,42.1,Manipal Hospital
ACC00514,2025-03-14,06:51:35,Kolkata,West Bengal,India,Train,Human Error,Minor,1,2,4,Foggy,Gravel,No,15.7,Apollo Hospitals
ACC00515,2025-03-30,09:34:04,Ahmedabad,Gujarat,India,Fire Accident,Brake Failure,Moderate,5,1,5,Foggy,Wet,No,26.9,Apollo Hospitals
ACC00516,2025-01-01,05:41:30,Delhi,Delhi,India,Vehicle Collision,Brake Failure,Minor,5,0,6,Stormy,Gravel,Yes,34.0,AIIMS
ACC00517,2025-04-18,20:55:36,Hyderabad,Telangana,India,Vehicle Collision,Over Speeding,Minor,1,1,5,Clear,Dry,Yes,39.3,Fortis Healthcare
ACC00518,2025-04-01,05:23:09,Kolkata,West Bengal,India,Two-Wheeler,Over Speeding,Moderate,3,2,4,Clear,Potholes,No,35.8,AIIMS
ACC00519,2025-02-25,11:49:50,Ahmedabad,Gujarat,India,Two-Wheeler,Road Conditions,Minor,3,0,4,Stormy,Gravel,Yes,15.3,AIIMS
ACC00520,2025-02-16,13:22:44,Bengaluru,Karnataka,India,Slip & Fall,Over Speeding,Fatal,2,3,2,Stormy,Dry,Yes,26.6,Manipal Hospital
ACC00521,2025-04-16,16:02:18,Hyderabad,Telangana,India,Pedestrian Involved,Brake Failure,Severe,1,0,1,Clear,Under Construction,No,36.1,Apollo Hospitals
ACC00522,2025-04-26,09:08:45,Pune,Maharashtra,India,Two-Wheeler,Poor Lighting,Minor,1,3,3,Rainy,Gravel,No,28.0,Max Healthcare
ACC00523,2025-01-19,01:50:23,Pune,Maharashtra,India,Slip & Fall,Brake Failure,Fatal,1,1,1,Stormy,Potholes,Yes,27.7,AIIMS
ACC00524,2025-04-28,17:48:34,Chennai,Tamil Nadu,India,Bus,Brake Failure,Minor,1,2,5,Foggy,Dry,No,35.4,AIIMS
ACC00525,2025-03-06,20:28:14,Hyderabad,Telangana,India,Two-Wheeler,Human Error,Minor,4,1,3,Stormy,Dry,No,24.5,Manipal Hospital
ACC00526,2025-03-18,16:46:15,Hyderabad,Telangana,India,Two-Wheeler,Over Speeding,Moderate,1,1,4,Stormy,Dry,No,25.0,Manipal Hospital
ACC00527,2025-05-02,05:30:53,Mumbai,Maharashtra,India,Vehicle Collision,Weather Conditions,Minor,3,0,4,Clear,Wet,No,42.6,Max Healthcare
ACC00528,2025-03-29,00:26:44,Bengaluru,Karnataka,India,Truck,Over Speeding,Minor,2,3,6,Clear,Potholes,Yes,14.7,Fortis Healthcare
ACC00529,2025-02-13,02:22:25,Mumbai,Maharashtra,India,Two-Wheeler,Poor Lighting,Minor,3,0,4,Rainy,Under Construction,Yes,37.7,Apollo Hospitals
ACC00530,2025-03-17,12:27:51,Delhi,Delhi,India,Slip & Fall,Human Error,Moderate,1,1,4,Foggy,Potholes,No,9.8,Max Healthcare
ACC00531,2025-02-10,20:38:04,Jaipur,Rajasthan,India,Two-Wheeler,Weather Conditions,Moderate,1,1,3,Clear,Dry,No,10.6,Manipal Hospital
ACC00532,2025-04-16,16:01:57,Bengaluru,Karnataka,India,Train,Human Error,Moderate,4,1,5,Clear,Wet,Yes,36.6,Max Healthcare
ACC00533,2025-03-13,11:56:53,Kolkata,West Bengal,India,Two-Wheeler,Over Speeding,Fatal,1,0,1,Rainy,Dry,No,21.6,Manipal Hospital
ACC00534,2025-04-30,12:35:57,Bengaluru,Karnataka,India,Truck,Drunk Driving,Severe,5,3,4,Rainy,Wet,Yes,28.9,Manipal Hospital
ACC00535,2025-02-02,05:29:58,Lucknow,Uttar Pradesh,India,Pedestrian Involved,Poor Lighting,Severe,3,3,1,Rainy,Wet,Yes,44.5,Apollo Hospitals
ACC00536,2025-04-10,00:27:26,Lucknow,Uttar Pradesh,India,Train,Road Conditions,Moderate,4,1,3,Clear,Wet,Yes,36.9,Manipal Hospital
ACC00537,2025-04-21,19:48:08,Pune,Maharashtra,India,Two-Wheeler,Drunk Driving,Minor,1,2,3,Rainy,Potholes,No,18.4,Manipal Hospital
ACC00538,2025-03-17,12:29:22,Mumbai,Maharashtra,India,Pedestrian Involved,Poor Lighting,Minor,5,1,2,Clear,Potholes,Yes,7.8,Fortis Healthcare
ACC00539,2025-04-07,22:03:13,Pune,Maharashtra,India,Train,Brake Failure,Moderate,3,1,1,Foggy,Wet,Yes,14.5,Manipal Hospital
ACC00540,2025-04-07,05:33:05,Hyderabad,Telangana,India,Fire Accident,Drunk Driving,Minor,4,3,1,Stormy,Wet,Yes,42.1,Manipal Hospital
ACC00541,2025-02-04,04:17:58,Bengaluru,Karnataka,India,Fire Accident,Weather Conditions,Moderate,4,1,6,Foggy,Gravel,Yes,18.4,Apollo Hospitals
ACC00542,2025-02-09,02:53:15,Lucknow,Uttar Pradesh,India,Vehicle Collision,Weather Conditions,Moderate,1,3,4,Stormy,Wet,No,13.8,AIIMS
ACC00543,2025-01-31,19:10:36,Lucknow,Uttar Pradesh,India,Two-Wheeler,Road Conditions,Moderate,5,1,1,Stormy,Under Construction,No,39.5,Fortis Healthcare
ACC00544,2025-04-20,06:42:26,Lucknow,Uttar Pradesh,India,Slip & Fall,Road Conditions,Fatal,3,0,6,Stormy,Wet,Yes,18.1,Max Healthcare
ACC00545,2025-02-24,21:36:26,Hyderabad,Telangana,India,Two-Wheeler,Human Error,Minor,4,0,1,Stormy,Under Construction,Yes,22.0,Manipal Hospital
ACC00546,2025-03-18,21:50:08,Pune,Maharashtra,India,Pedestrian Involved,Brake Failure,Fatal,2,0,5,Clear,Potholes,Yes,10.3,AIIMS
ACC00547,2025-01-28,22:40:37,Hyderabad,Telangana,India,Pedestrian Involved,Over Speeding,Fatal,3,1,6,Stormy,Under Construction,Yes,44.1,Manipal Hospital
ACC00548,2025-04-16,12:02:32,Bengaluru,Karnataka,India,Fire Accident,Drunk Driving,Severe,4,0,6,Clear,Potholes,No,26.2,AIIMS
ACC00549,2025-04-07,23:02:10,Kolkata,West Bengal,India,Bus,Poor Lighting,Moderate,1,2,6,Clear,Under Construction,No,40.5,Apollo Hospitals
ACC00550,2025-02-19,13:47:23,Kolkata,West Bengal,India,Train,Brake Failure,Minor,3,2,2,Clear,Under Construction,Yes,10.5,AIIMS
ACC00551,2025-04-23,15:42:40,Hyderabad,Telangana,India,Pedestrian Involved,Poor Lighting,Fatal,5,1,6,Rainy,Gravel,No,40.9,Max Healthcare
ACC00552,2025-03-02,13:42:07,Kolkata,West Bengal,India,Bus,Over Speeding,Minor,3,2,4,Stormy,Under Construction,Yes,23.8,Max Healthcare
ACC00553,2025-03-13,09:46:13,Jaipur,Rajasthan,India,Bus,Brake Failure,Severe,1,1,4,Clear,Dry,No,40.9,AIIMS
ACC00554,2025-01-19,18:39:07,Delhi,Delhi,India,Pedestrian Involved,Drunk Driving,Severe,1,1,4,Rainy,Wet,Yes,16.7,Max Healthcare
ACC00555,2025-03-11,11:03:53,Bengaluru,Karnataka,India,Slip & Fall,Weather Conditions,Fatal,4,0,3,Rainy,Dry,Yes,39.9,Fortis Healthcare
ACC00556,2025-02-08,03:48:22,Jaipur,Rajasthan,India,Train,Brake Failure,Severe,3,3,5,Stormy,Potholes,No,27.7,AIIMS
ACC00557,2025-01-26,23:54:25,Bengaluru,Karnataka,India,Bus,Drunk Driving,Fatal,3,2,1,Rainy,Gravel,No,23.2,Fortis Healthcare
ACC00558,2025-02-14,22:19:15,Lucknow,Uttar Pradesh,India,Two-Wheeler,Poor Lighting,Severe,2,1,6,Rainy,Wet,Yes,9.7,AIIMS
ACC00559,2025-03-03,13:13:44,Lucknow,Uttar Pradesh,India,Two-Wheeler,Brake Failure,Severe,3,1,2,Clear,Gravel,No,10.9,Manipal Hospital
ACC00560,2025-02-06,20:12:49,Jaipur,Rajasthan,India,Two-Wheeler,Human Error,Severe,1,0,4,Stormy,Wet,No,42.1,Fortis Healthcare
ACC00561,2025-02-19,13:32:41,Mumbai,Maharashtra,India,Train,Poor Lighting,Severe,4,2,5,Rainy,Under Construction,No,18.5,Apollo Hospitals
ACC00562,2025-04-12,23:06:13,Pune,Maharashtra,India,Vehicle Collision,Drunk Driving,Minor,3,0,4,Rainy,Potholes,No,8.7,Apollo Hospitals
ACC00563,2025-03-29,03:24:36,Lucknow,Uttar Pradesh,India,Truck,Human Error,Moderate,3,1,1,Clear,Under Construction,No,32.1,Apollo Hospitals
ACC00564,2025-01-18,13:52:29,Jaipur,Rajasthan,India,Fire Accident,Drunk Driving,Fatal,3,0,6,Foggy,Potholes,Yes,33.6,Manipal Hospital
ACC00565,2025-05-01,16:29:53,Chennai,Tamil Nadu,India,Fire Accident,Weather Conditions,Minor,3,2,3,Foggy,Potholes,Yes,13.6,Manipal Hospital
ACC00566,2025-04-16,15:02:33,Kolkata,West Bengal,India,Slip & Fall,Weather Conditions,Moderate,4,3,2,Clear,Wet,Yes,17.1,Max Healthcare
ACC00567,2025-01-28,17:16:52,Chennai,Tamil Nadu,India,Pedestrian Involved,Human Error,Fatal,1,0,4,Foggy,Potholes,Yes,27.2,Max Healthcare
ACC00568,2025-04-01,16:53:16,Bengaluru,Karnataka,India,Truck,Drunk Driving,Fatal,3,3,1,Foggy,Under Construction,No,24.8,Manipal Hospital
ACC00569,2025-03-07,05:59:08,Hyderabad,Telangana,India,Vehicle Collision,Road Conditions,Minor,2,2,3,Stormy,Dry,No,21.7,Manipal Hospital