Accident_ID,Date,Time,City,State,Country,Accident Type,Cause of Accident,Severity,Number of Vehicles Involved,Number of Casualties,Number of Injuries,Weather Condition,Road Condition,Police Report Filed,Emergency Services Response Time (min),Hospital Admitted To
ACC00570,2025-04-22,19:23:11,Hyderabad,Telangana,India,Vehicle Collision,Over Speeding,Severe,4,0,5,Foggy,Under Construction,No,27.6,AIIMS
ACC00571,2025-02-10,06:59:16,Pune,Maharashtra,India,Pedestrian Involved,Weather Conditions,Minor,3,1,5,Clear,Wet,No,23.4,Fortis Healthcare
ACC00572,2025-05-01,22:31:30,Chennai,Tamil Nadu,India,Two-Wheeler,Over Speeding,Severe,3,3,6,Foggy,Dry,No,16.7,Apollo Hospitals
ACC00573,2025-03-11,14:11:07,Jaipur,Rajasthan,India,Truck,Road Conditions,Moderate,1,1,5,Foggy,Gravel,No,15.9,AIIMS
ACC00574,2025-04-23,12:07:14,Delhi,Delhi,India,Train,Road Conditions,Moderate,1,1,5,Foggy,Gravel,No,21.5,Fortis Healthcare
ACC00575,2025-03-12,02:29:08,Delhi,Delhi,India,Truck,Drunk Driving,Moderate,2,0,4,Stormy,Dry,Yes,37.8,Apollo Hospitals
ACC00576,2025-05-02,11:49:33,Pune,Maharashtra,India,Train,Weather Conditions,Severe,2,3,5,Foggy,Wet,No,6.2,Apollo Hospitals
ACC00577,2025-01-08,21:55:11,Hyderabad,Telangana,India,Two-Wheeler,Road Conditions,Moderate,2,2,2,Rainy,Wet,Yes,22.0,Apollo Hospitals
ACC00578,2025-01-09,14:06:53,Delhi,Delhi,India,Vehicle Collision,Road Conditions,Fatal,4,0,2,Clear,Dry,Yes,23.8,AIIMS
ACC00579,2025-02-20,07:41:13,Mumbai,Maharashtra,India,Pedestrian Involved,Weather Conditions,Minor,1,0,5,Rainy,Under Construction,Yes,12.4,AIIMS
ACC00580,2025-02-21,10:14:53,Mumbai,Maharashtra,India,Pedestrian Involved,Drunk Driving,Severe,5,2,3,Rainy,Under Construction,Yes,25.2,Apollo Hospitals
ACC00581,2025-03-23,02:01:50,Delhi,Delhi,India,Vehicle Collision,Human Error,Moderate,2,2,2,Clear,Dry,Yes,41.8,Manipal Hospital
ACC00582,2025-01-24,05:34:43,Chennai,Tamil Nadu,India,Two-Wheeler,Brake Failure,Minor,2,2,4,Stormy,Wet,Yes,21.3,AIIMS
ACC00583,2025-02-23,22:56:15,Delhi,Delhi,India,Slip & Fall,Over Speeding,Moderate,4,2,6,Foggy,Under Construction,Yes,8.3,Manipal Hospital
ACC00584,2025-03-07,21:19:28,Delhi,Delhi,India,Fire Accident,Weather Conditions,Fatal,5,2,6,Stormy,Wet,No,16.6,Manipal Hospital
ACC00585,2025-03-11,07:49:42,Hyderabad,Telangana,India,Pedestrian Involved,Road Conditions,Fatal,3,1,1,Stormy,Dry,No,22.5,Apollo Hospitals
ACC00586,2025-02-17,15:53:09,Delhi,Delhi,India,Two-Wheeler,Brake Failure,Fatal,5,0,6,Rainy,Dry,No,44.0,AIIMS
ACC00587,2025-01-10,10:09:25,Hyderabad,Telangana,India,Fire Accident,Over Speeding,Moderate,4,3,3,Foggy,Potholes,No,24.0,Max Healthcare
ACC00588,2025-03-17,10:19:47,Kolkata,West Bengal,India,Slip & Fall,Human Error,Severe,2,3,1,Clear,Gravel,No,24.9,Fortis Healthcare
ACC00589,2025-03-12,11:23:26,Mumbai,Maharashtra,India,Pedestrian Involved,Poor Lighting,Minor,1,3,6,Clear,Wet,No,29.2,AIIMS
ACC00590,2025-03-04,02:06:14,Bengaluru,Karnataka,India,Bus,Human Error,Minor,1,3,4,Rainy,Gravel,No,24.6,AIIMS
ACC00591,2025-01-18,07:15:48,Jaipur,Rajasthan,India,Train,Road Conditions,Minor,1,3,1,Stormy,Potholes,No,39.1,Manipal Hospital
ACC00592,2025-01-29,18:10:24,Pune,Maharashtra,India,Vehicle Collision,Over Speeding,Moderate,5,2,6,Rainy,Potholes,No,10.4,Manipal Hospital
ACC00593,2025-03-14,12:27:50,Pune,Maharashtra,India,Pedestrian Involved,Human Error,Fatal,5,3,4,Rainy,Under Construction,Yes,20.7,Manipal Hospital
ACC00594,2025-03-27,23:15:48,Lucknow,Uttar Pradesh,India,Fire Accident,Human Error,Severe,3,2,1,Clear,Under Construction,Yes,10.1,AIIMS
ACC00595,2025-01-13,04:53:05,Chennai,Tamil Nadu,India,Vehicle Collision,Road Conditions,Severe,4,0,4,Foggy,Gravel,No,19.1,Fortis Healthcare
ACC00596,2025-01-20,17:27:51,Hyderabad,Telangana,India,Truck,Poor Lighting,Severe,5,0,6,Clear,Gravel,Yes,18.5,Apollo Hospitals
ACC00597,2025-01-25,02:13:55,Jaipur,Rajasthan,India,Train,Over Speeding,Fatal,4,3,3,Clear,Potholes,Yes,44.4,Manipal Hospital
ACC00598,2025-04-06,13:04:08,Lucknow,Uttar Pradesh,India,Fire Accident,Weather Conditions,Minor,4,0,6,Rainy,Gravel,No,25.1,AIIMS
ACC00599,2025-03-25,22:27:41,Bengaluru,Karnataka,India,Bus,Weather Conditions,Fatal,2,3,6,Clear,Under Construction,Yes,16.5,Apollo Hospitals
ACC00600,2025-02-10,18:18:06,Ahmedabad,Gujarat,India,Fire Accident,Road Conditions,Moderate,5,0,6,Clear,Under Construction,No,15.9,Max Healthcare
ACC00601,2025-03-10,20:35:12,Jaipur,Rajasthan,India,Slip & Fall,Brake Failure,Moderate,3,0,6,Foggy,Under Construction,No,22.3,Max Healthcare
ACC00602,2025-02-07,00:40:23,Chennai,Tamil Nadu,India,Truck,Brake Failure,Fatal,3,3,6,Rainy,Dry,Yes,28.1,Fortis Healthcare
ACC00603,2025-02-10,23:34:04,Pune,Maharashtra,India,Bus,Poor Lighting,Fatal,5,0,5,Rainy,Gravel,No,10.9,Fortis Healthcare
ACC00604,2025-04-12,00:49:26,Ahmedabad,Gujarat,India,Fire Accident,Brake Failure,Severe,1,1,4,Foggy,Gravel,Yes,15.3,Max Healthcare
ACC00605,2025-03-10,16:18:20,Hyderabad,Telangana,India,Fire Accident,Drunk Driving,Minor,2,1,1,Rainy,Gravel,No,24.4,Manipal Hospital
ACC00606,2025-04-18,16:12:03,Kolkata,West Bengal,India,Vehicle Collision,Drunk Driving,Moderate,3,1,1,Foggy,Gravel,Yes,30.8,Apollo Hospitals
ACC00607,2025-04-20,16:23:04,Pune,Maharashtra,India,Vehicle Collision,Over Speeding,Minor,3,2,1,Stormy,Gravel,Yes,20.9,Fortis Healthcare
ACC00608,2025-03-13,11:00:50,Hyderabad,Telangana,India,Pedestrian Involved,Human Error,Minor,5,2,4,Clear,Wet,Yes,35.9,AIIMS
ACC00609,2025-02-28,11:42:26,Chennai,Tamil Nadu,India,Fire Accident,Road Conditions,Moderate,4,1,2,Clear,Wet,Yes,43.8,Manipal Hospital
ACC00610,2025-04-08,17:06:10,Kolkata,West Bengal,India,Bus,Road Conditions,Minor,4,2,6,Clear,Gravel,No,24.0,Fortis Healthcare
ACC00611,2025-01-18,08:45:07,Ahmedabad,Gujarat,India,Two-Wheeler,Weather Conditions,Fatal,3,2,1,Clear,Dry,Yes,15.1,Manipal Hospital
ACC00612,2025-02-09,07:52:06,Ahmedabad,Gujarat,India,Train,Road Conditions,Minor,5,1,4,Stormy,Dry,No,42.1,AIIMS
ACC00613,2025-04-21,21:28:35,Ahmedabad,Gujarat,India,Pedestrian Involved,Road Conditions,Moderate,3,1,2,Stormy,Gravel,No,36.6,AIIMS
ACC00614,2025-02-14,10:01:30,Delhi,Delhi,India,Slip & Fall,Brake Failure,Fatal,3,3,1,Rainy,Gravel,Yes,19.1,Max Healthcare
ACC00615,2025-03-07,05:22:20,Jaipur,Rajasthan,India,Train,Brake Failure,Minor,1,1,6,Stormy,Wet,Yes,21.0,AIIMS
ACC00616,2025-03-30,16:45:18,Chennai,Tamil Nadu,India,Pedestrian Involved,Over Speeding,Moderate,2,1,5,Stormy,Gravel,No,24.1,Fortis Healthcare
ACC00617,2025-03-28,01:07:45,Ahmedabad,Gujarat,India,Two-Wheeler,Poor Lighting,Severe,3,1,1,Stormy,Gravel,Yes,20.7,Manipal Hospital
ACC00618,2025-03-02,04:17:42,Lucknow,Uttar Pradesh,India,Truck,Over Speeding,Minor,5,1,1,Stormy,Wet,No,33.1,Fortis Healthcare
ACC00619,2025-05-01,00:03:26,Mumbai,Maharashtra,India,Fire Accident,Human Error,Fatal,5,2,2,Clear,Gravel,Yes,42.9,Apollo Hospitals
ACC00620,2025-04-12,20:35:24,Mumbai,Maharashtra,India,Fire Accident,Road Conditions,Fatal,4,0,2,Rainy,Wet,No,16.5,Manipal Hospital
ACC00621,2025-04-10,22:12:26,Kolkata,West Bengal,India,Two-Wheeler,Brake Failure,Moderate,5,1,3,Rainy,Potholes,Yes,21.3,Fortis Healthcare
ACC00622,2025-04-11,22:02:52,Mumbai,Maharashtra,India,Bus,Weather Conditions,Moderate,5,3,2,Foggy,Under Construction,No,8.4,Manipal Hospital
ACC00623,2025-04-20,03:56:16,Bengaluru,Karnataka,India,Train,Poor Lighting,Fatal,2,3,6,Stormy,Under Construction,No,7.9,Max Healthcare
ACC00624,2025-04-16,22:07:36,Mumbai,Maharashtra,India,Vehicle Collision,Weather Conditions,Moderate,4,2,5,Clear,Dry,No,25.2,Manipal Hospital
ACC00625,2025-02-02,16:29:37,Ahmedabad,Gujarat,India,Fire Accident,Poor Lighting,Severe,2,0,5,Rainy,Gravel,Yes,25.1,AIIMS
ACC00626,2025-04-30,07:38:05,Pune,Maharashtra,India,Two-Wheeler,Over Speeding,Severe,5,3,2,Foggy,Dry,No,6.8,Fortis Healthcare
ACC00627,2025-04-30,02:30:01,Pune,Maharashtra,India,Bus,Poor Lighting,Severe,4,2,3,Foggy,Under Construction,No,22.4,Fortis Healthcare
ACC00628,2025-02-08,13:04:44,Chennai,Tamil Nadu,India,Slip & Fall,Road Conditions,Moderate,5,3,1,Rainy,Wet,Yes,14.2,Apollo Hospitals
ACC00629,2025-05-01,20:23:59,Pune,Maharashtra,India,Bus,Drunk Driving,Fatal,4,0,4,Clear,Potholes,No,44.6,Max Healthcare
ACC00630,2025-03-28,02:42:51,Pune,Maharashtra,India,Slip & Fall,Brake Failure,Minor,2,0,3,Clear,Wet,No,12.2,Fortis Healthcare
ACC00631,2025-02-12,08:41:36,Jaipur,Rajasthan,India,Bus,Human Error,Moderate,5,0,5,Rainy,Potholes,Yes,14.8,Manipal Hospital
ACC00632,2025-03-10,23:29:22,Delhi,Delhi,India,Train,Over Speeding,Severe,1,3,3,Clear,Gravel,Yes,6.2,Manipal Hospital
ACC00633,2025-03-02,22:26:03,Pune,Maharashtra,India,Slip & Fall,Poor Lighting,Severe,5,0,3,Clear,Under Construction,No,18.0,Max Healthcare
ACC00634,2025-03-22,15:36:35,Bengaluru,Karnataka,India,Truck,Road Conditions,Minor,3,2,1,Clear,Under Construction,No,8.7,AIIMS
ACC00635,2025-02-27,17:27:29,Bengaluru,Karnataka,India,Truck,Road Conditions,Fatal,1,0,2,Rainy,Potholes,No,16.4,Fortis Healthcare
ACC00636,2025-04-21,02:41:58,Delhi,Delhi,India,Bus,Brake Failure,Fatal,3,1,3,Clear,Gravel,Yes,24.6,Manipal Hospital
ACC00637,2025-05-03,13:37:55,Pune,Maharashtra,India,Bus,Human Error,Fatal,1,3,3,Rainy,Potholes,No,8.7,Max Healthcare
ACC00638,2025-04-30,06:43:39,Chennai,Tamil Nadu,India,Slip & Fall,Poor Lighting,Moderate,2,3,5,Clear,Gravel,No,22.5,Manipal Hospital
ACC00639,2025-01-21,10:03:08,Ahmedabad,Gujarat,India,Two-Wheeler,Drunk Driving,Severe,2,3,3,Clear,Under Construction,Yes,41.7,Max Healthcare
ACC00640,2025-01-14,12:33:43,Delhi,Delhi,India,Fire Accident,Brake Failure,Minor,4,2,3,Foggy,Under Construction,Yes,35.7,Apollo Hospitals
ACC00641,2025-03-13,00:18:24,Delhi,Delhi,India,Slip & Fall,Drunk Driving,Moderate,4,0,1,Stormy,Gravel,No,28.5,Manipal Hospital
ACC00642,2025-04-11,05:25:38,Pune,Maharashtra,India,Bus,Weather Conditions,Moderate,2,1,1,Foggy,Dry,No,26.4,Apollo Hospitals
ACC00643,2025-01-05,00:21:04,Kolkata,West Bengal,India,Pedestrian Involved,Over Speeding,Moderate,4,3,6,Stormy,Under Construction,No,17.1,Max Healthcare
ACC00644,2025-01-19,15:36:52,Chennai,Tamil Nadu,India,Fire Accident,Road Conditions,Severe,1,1,2,Clear,Wet,Yes,37.6,Fortis Healthcare
ACC00645,2025-04-23,23:30:10,Mumbai,Maharashtra,India,Truck,Brake Failure,Moderate,2,3,6,Rainy,Dry,No,35.8,Fortis Healthcare
ACC00646,2025-02-03,05:39:23,Pune,Maharashtra,India,Fire Accident,Over Speeding,Minor,2,1,6,Stormy,Potholes,No,5.8,Manipal Hospital
ACC00647,2025-01-24,22:08:09,Lucknow,Uttar Pradesh,India,Truck,Drunk Driving,Severe,5,3,1,Foggy,Dry,Yes,30.2,Manipal Hospital
ACC00648,2025-04-30,13:44:32,Kolkata,West Bengal,India,Slip & Fall,Poor Lighting,Severe,1,3,4,Stormy,Under Construction,No,14.3,Apollo Hospitals
ACC00649,2025-03-26,13:53:33,Jaipur,Rajasthan,India,Vehicle Collision,Brake Failure,Severe,5,0,3,Stormy,Potholes,Yes,24.8,AIIMS
ACC00650,2025-01-17,18:00:39,Pune,Maharashtra,India,Fire Accident,Over Speeding,Moderate,3,1,4,Foggy,Potholes,Yes,25.3,Max Healthcare
ACC00651,2025-02-14,15:47:52,Chennai,Tamil Nadu,India,Slip & Fall,Drunk Driving,Severe,4,3,6,Foggy,Potholes,Yes,29.9,AIIMS
ACC00652,2025-05-07,10:19:14,Delhi,Delhi,India,Slip & Fall,Drunk Driving,Moderate,2,1,5,Stormy,Dry,No,42.7,Manipal Hospital
ACC00653,2025-02-01,20:19:29,Ahmedabad,Gujarat,India,Truck,Drunk Driving,Minor,1,2,3,Foggy,Wet,Yes,38.1,Max Healthcare
ACC00654,2025-01-28,08:37:44,Mumbai,Maharashtra,India,Pedestrian Involved,Weather Conditions,Fatal,1,1,1,Rainy,Potholes,No,44.7,AIIMS
ACC00655,2025-02-15,07:09:32,Mumbai,Maharashtra,India,Bus,Drunk Driving,Minor,1,3,4,Clear,Dry,Yes,37.9,Apollo Hospitals
ACC00656,2025-01-14,22:57:31,Jaipur,Rajasthan,India,Pedestrian Involved,Drunk Driving,Minor,2,2,2,Foggy,Potholes,No,34.3,Apollo Hospitals
ACC00657,2025-04-23,15:07:33,Bengaluru,Karnataka,India,Train,Weather Conditions,Moderate,1,1,4,Stormy,Dry,Yes,38.4,Manipal Hospital
ACC00658,2025-02-28,22:09:03,Chennai,Tamil Nadu,India,Bus,Human Error,Moderate,1,2,3,Stormy,Gravel,Yes,11.1,Max Healthcare
ACC00659,2025-04-09,04:36:23,Kolkata,West Bengal,India,Truck,Drunk Driving,Fatal,4,3,4,Foggy,Dry,No,10.8,Apollo Hospitals
ACC00660,2025-02-04,15:02:48,Jaipur,Rajasthan,India,Pedestrian Involved,Over Speeding,Severe,3,3,2,Stormy,Dry,No,35.4,Fortis Healthcare
ACC00661,2025-04-11,14:05:59,Lucknow,Uttar Pradesh,India,Vehicle Collision,Poor Lighting,Severe,4,3,6,Foggy,Gravel,No,5.3,AIIMS
ACC00662,2025-01-08,11:20:43,Jaipur,Rajasthan,India,Two-Wheeler,Poor Lighting,Fatal,4,1,5,Stormy,Gravel,No,36.0,AIIMS
ACC00663,2025-02-11,18:45:06,Delhi,Delhi,India,Vehicle Collision,Human Error,Severe,4,1,5,Foggy,Wet,Yes,25.5,AIIMS
ACC00664,2025-04-28,19:38:40,Jaipur,Rajasthan,India,Train,Road Conditions,Moderate,1,0,5,Foggy,Wet,No,34.1,Max Healthcare
ACC00665,2025-03-03,07:35:48,Delhi,Delhi,India,Vehicle Collision,Road Conditions,Severe,3,2,1,Clear,Dry,No,16.9,Apollo Hospitals
ACC00666,2025-01-08,14:00:33,Pune,Maharashtra,India,Train,Drunk Driving,Moderate,3,2,3,Rainy,Potholes,Yes,9.2,Max Healthcare
ACC00667,2025-04-22,20:13:51,Lucknow,Uttar Pradesh,India,Truck,Road Conditions,Severe,4,0,2,Stormy,Potholes,Yes,8.7,Manipal Hospital
ACC00668,2025-05-05,14:20:17,Bengaluru,Karnataka,India,Slip & Fall,Drunk Driving,Fatal,1,2,6,Stormy,Under Construction,No,39.9,Max Healthcare
ACC00669,2025-01-13,04:47:56,Pune,Maharashtra,India,Fire Accident,Brake Failure,Fatal,4,1,2,Rainy,Potholes,No,10.2,Max Healthcare
ACC00670,2025-04-26,08:24:22,Jaipur,Rajasthan,India,Pedestrian Involved,Poor Lighting,Moderate,4,3,1,Rainy,Under Construction,No,41.9,Apollo Hospitals
ACC00671,2025-03-14,13:37:48,Lucknow,Uttar Pradesh,India,Fire Accident,Over Speeding,Minor,3,2,1,Rainy,Dry,No,17.2,AIIMS
ACC00672,2025-03-23,13:53:44,Ahmedabad,Gujarat,India,Bus,Brake Failure,Minor,2,1,5,Stormy,Dry,No,40.6,Fortis Healthcare
ACC00673,2025-02-27,22:25:07,Bengaluru,Karnataka,India,Slip & Fall,Over Speeding,Minor,5,2,1,Clear,Potholes,No,27.9,Max Healthcare
ACC00674,2025-02-21,03:23:11,Pune,Maharashtra,India,Train,Road Conditions,Fatal,4,1,2,Stormy,Potholes,No,11.0,AIIMS
ACC00675,2025-04-29,22:22:00,Delhi,Delhi,India,Fire Accident,Brake Failure,Moderate,4,2,5,Clear,Potholes,No,30.8,Fortis Healthcare
ACC00676,2025-03-17,10:26:34,Mumbai,Maharashtra,India,Bus,Human Error,Minor,5,0,2,Clear,Under Construction,Yes,35.0,Max Healthcare
ACC00677,2025-04-21,04:46:46,Mumbai,Maharashtra,India,Pedestrian Involved,Poor Lighting,Moderate,1,2,2,Rainy,Under Construction,No,8.4,Max Healthcare
ACC00678,2025-04-06,10:14:52,Lucknow,Uttar Pradesh,India,Train,Brake Failure,Minor,4,0,3,Stormy,Wet,No,6.0,Max Healthcare
ACC00679,2025-03-16,16:00:25,Chennai,Tamil Nadu,India,Fire Accident,Weather Conditions,Minor,1,0,5,Rainy,Gravel,Yes,12.3,Apollo Hospitals
ACC00680,2025-02-01,03:59:14,Bengaluru,Karnataka,India,Bus,Brake Failure,Moderate,1,2,2,Clear,Dry,No,20.6,AIIMS
ACC00681,2025-02-10,09:59:57,Bengaluru,Karnataka,India,Fire Accident,Weather Conditions,Severe,4,0,1,Rainy,Wet,Yes,24.7,Max Healthcare
ACC00682,2025-04-29,11:37:41,Kolkata,West Bengal,India,Pedestrian Involved,Weather Conditions,Minor,3,3,5,Stormy,Dry,No,6.2,Fortis Healthcare
ACC00683,2025-01-13,19:49:46,Mumbai,Maharashtra,India,Bus,Human Error,Minor,2,1,3,Stormy,Potholes,Yes,38.9,Max Healthcare
ACC00684,2025-03-30,19:15:03,Hyderabad,Telangana,India,Two-Wheeler,Weather Conditions,Moderate,2,3,5,Stormy,Dry,Yes,37.5,Max Healthcare
ACC00685,2025-04-25,04:03:36,Ahmedabad,Gujarat,India,Two-Wheeler,Over Speeding,Minor,4,2,5,Foggy,Potholes,No,38.7,Fortis Healthcare
ACC00686,2025-04-18,16:12:50,Lucknow,Uttar Pradesh,India,Bus,Over Speeding,Moderate,5,0,3,Clear,Potholes,Yes,38.2,Max Healthcare
ACC00687,2025-01-12,06:16:04,Ahmedabad,Gujarat,India,Fire Accident,Drunk Driving,Severe,3,2,6,Stormy,Gravel,Yes,31.5,AIIMS
ACC00688,2025-01-24,18:06:35,Chennai,Tamil Nadu,India,Truck,Brake Failure,Severe,1,1,6,Clear,Under Construction,No,5.2,Apollo Hospitals
ACC00689,2025-01-12,23:20:15,Bengaluru,Karnataka,India,Fire Accident,Human Error,Fatal,4,0,6,Clear,Under Construction,Yes,40.7,Manipal Hospital
ACC00690,2025-03-04,02:19:05,Delhi,Delhi,India,Train,Road Conditions,Fatal,5,2,4,Rainy,Dry,Yes,23.5,Fortis Healthcare
ACC00691,2025-04-14,06:48:35,Pune,Maharashtra,India,Vehicle Collision,Drunk Driving,Minor,3,2,2,Clear,Under Construction,No,37.3,Fortis Healthcare
ACC00692,2025-01-19,09:10:10,Hyderabad,Telangana,India,Slip & Fall,Weather Conditions,Minor,3,3,6,Rainy,Dry,Yes,44.4,Manipal Hospital
ACC00693,2025-05-06,04:42:05,Delhi,Delhi,India,Bus,Human Error,Fatal,2,1,6,Rainy,Dry,Yes,34.8,Fortis Healthcare
ACC00694,2025-04-29,03:29:34,Ahmedabad,Gujarat,India,Truck,Human Error,Severe,2,0,6,Foggy,Under Construction,No,5.1,Manipal Hospital
ACC00695,2025-04-26,00:24:40,Mumbai,Maharashtra,India,Train,Brake Failure,Fatal,3,0,6,Stormy,Potholes,No,25.7,Apollo Hospitals
ACC00696,2025-01-30,05:06:21,Hyderabad,Telangana,India,Vehicle Collision,Weather Conditions,Fatal,5,3,3,Clear,Potholes,Yes,18.4,Max Healthcare
ACC00697,2025-04-14,21:10:20,Mumbai,Maharashtra,India,Truck,Poor Lighting,Fatal,1,1,2,Rainy,Gravel,No,7.5,Apollo Hospitals
ACC00698,2025-02-13,10:10:16,Mumbai,Maharashtra,India,Slip & Fall,Brake Failure,Minor,5,2,3,Rainy,Dry,No,14.5,AIIMS
ACC00699,2025-03-31,12:53:19,Mumbai,Maharashtra,India,Train,Human Error,Moderate,1,3,1,Stormy,Under Construction,Yes,8.4,Apollo Hospitals
ACC00700,2025-04-06,16:41:24,Mumbai,Maharashtra,India,Fire Accident,Weather Conditions,Minor,2,0,4,Clear,Gravel,No,7.6,Apollo Hospitals
ACC00701,2025-02-25,06:47:39,Jaipur,Rajasthan,India,Vehicle Collision,Weather Conditions,Fatal,4,0,5,Stormy,Wet,Yes,23.1,Manipal Hospital
ACC00702,2025-04-18,08:36:00,Kolkata,West Bengal,India,Pedestrian Involved,Weather Conditions,Minor,4,2,5,Rainy,Dry,Yes,5.5,Apollo Hospitals
ACC00703,2025-04-22,19:20:13,Lucknow,Uttar Pradesh,India,Truck,Human Error,Moderate,5,2,3,Stormy,Potholes,No,12.4,Fortis Healthcare
ACC00704,2025-04-03,08:20:19,Mumbai,Maharashtra,India,Vehicle Collision,Drunk Driving,Severe,5,3,5,Foggy,Gravel,Yes,10.9,AIIMS
ACC00705,2025-01-01,06:34:24,Lucknow,Uttar Pradesh,India,Train,Weather Conditions,Severe,1,1,1,Rainy,Under Construction,Yes,21.9,Fortis Healthcare
ACC00706,2025-04-04,11:28:30,Hyderabad,Telangana,India,Truck,Road Conditions,Minor,3,1,6,Stormy,Potholes,No,39.1,Max Healthcare
ACC00707,2025-02-12,20:31:04,Chennai,Tamil Nadu,India,Bus,Brake Failure,Severe,2,0,4,Clear,Potholes,Yes,41.8,Fortis Healthcare
ACC00708,2025-02-11,06:22:28,Hyderabad,Telangana,India,Slip & Fall,Human Error,Moderate,2,3,6,Foggy,Potholes,Yes,21.0,Apollo Hospitals
ACC00709,2025-03-17,06:50:27,Chennai,Tamil Nadu,India,Vehicle Collision,Over Speeding,Severe,1,0,2,Foggy,Potholes,Yes,30.3,AIIMS
ACC00710,2025-01-17,12:50:30,Mumbai,Maharashtra,India,Vehicle Collision,Drunk Driving,Moderate,3,1,2,Foggy,Wet,No,38.9,Fortis Healthcare
ACC00711,2025-01-19,08:10:51,Bengaluru,Karnataka,India,Truck,Over Speeding,Moderate,3,0,1,Rainy,Potholes,Yes,18.5,Fortis Healthcare
ACC00712,2025-01-02,19:57:42,Ahmedabad,Gujarat,India,Slip & Fall,Drunk Driving,Severe,3,1,5,Stormy,Dry,Yes,10.8,Fortis Healthcare